{
	"credit": "Made with Blockbench",
	"textures": {
		"1": "block/ol_shinobu_side",
		"2": "block/ol_shinobu_effect",
		"particle": "block/ol_shinobu_side"
	},
	"elements": [
		{
			"name": "center",
			"from": [5, 6, 7],
			"to": [10, 11, 8],
			"faces": {
				"north": {"uv": [4.75, 4.75, 6, 6], "texture": "#2"},
				"east": {"uv": [0, 0, 1, 5], "texture": "#1"},
				"south": {"uv": [4.75, 4.75, 6, 6], "texture": "#2"},
				"west": {"uv": [0, 0, 1, 5], "texture": "#1"},
				"up": {"uv": [0, 0, 5, 1], "texture": "#1"},
				"down": {"uv": [0, 0, 5, 1], "texture": "#1"}
			}
		},
		{
			"name": "con1",
			"from": [6, 11, 7],
			"to": [9, 13, 8],
			"faces": {
				"north": {"uv": [5, 4.25, 5.75, 4.75], "texture": "#2"},
				"east": {"uv": [0, 0, 1, 2], "texture": "#1"},
				"south": {"uv": [5, 4.25, 5.75, 4.75], "texture": "#2"},
				"west": {"uv": [0, 0, 1, 2], "texture": "#1"},
				"up": {"uv": [0, 0, 3, 1], "texture": "#1"},
				"down": {"uv": [0, 0, 3, 1], "texture": "#1"}
			}
		},
		{
			"name": "con2",
			"from": [3, 7, 7],
			"to": [5, 10, 8],
			"faces": {
				"north": {"uv": [6, 5, 6.5, 5.75], "texture": "#2"},
				"east": {"uv": [0, 0, 1, 3], "texture": "#1"},
				"south": {"uv": [4.25, 5, 4.75, 5.75], "texture": "#2"},
				"west": {"uv": [0, 0, 1, 3], "texture": "#1"},
				"up": {"uv": [0, 0, 2, 1], "texture": "#1"},
				"down": {"uv": [0, 0, 2, 1], "texture": "#1"}
			}
		},
		{
			"name": "con3",
			"from": [6, 4, 7],
			"to": [9, 6, 8],
			"faces": {
				"north": {"uv": [5, 6, 5.75, 6.5], "texture": "#2"},
				"east": {"uv": [0, 0, 1, 2], "texture": "#1"},
				"south": {"uv": [5, 6, 5.75, 6.5], "texture": "#2"},
				"west": {"uv": [0, 0, 1, 2], "texture": "#1"},
				"up": {"uv": [0, 0, 3, 1], "texture": "#1"},
				"down": {"uv": [0, 0, 3, 1], "texture": "#1"}
			}
		},
		{
			"name": "con4",
			"from": [10, 7, 7],
			"to": [12, 10, 8],
			"faces": {
				"north": {"uv": [4.25, 5, 4.75, 5.75], "texture": "#2"},
				"east": {"uv": [0, 0, 1, 3], "texture": "#1"},
				"south": {"uv": [6, 5, 6.5, 5.75], "texture": "#2"},
				"west": {"uv": [0, 0, 1, 3], "texture": "#1"},
				"up": {"uv": [0, 0, 2, 1], "texture": "#1"},
				"down": {"uv": [0, 0, 2, 1], "texture": "#1"}
			}
		},
		{
			"name": "bMain",
			"from": [5, 13, 7],
			"to": [10, 24, 8],
			"faces": {
				"north": {"uv": [4.75, 1.5, 6, 4.25], "texture": "#2"},
				"east": {"uv": [0, 0, 1, 11], "texture": "#1"},
				"south": {"uv": [4.75, 1.5, 6, 4.25], "texture": "#2"},
				"west": {"uv": [0, 0, 1, 11], "texture": "#1"},
				"up": {"uv": [0, 0, 5, 1], "texture": "#1"},
				"down": {"uv": [0, 0, 5, 1], "texture": "#1"}
			}
		},
		{
			"name": "bC1",
			"from": [6, 24, 7],
			"to": [9, 27, 8],
			"faces": {
				"north": {"uv": [5, 0.75, 5.75, 1.5], "texture": "#2"},
				"east": {"uv": [9, 0, 10, 3], "texture": "#1"},
				"south": {"uv": [5, 0.75, 5.75, 1.5], "texture": "#2"},
				"west": {"uv": [9, 0, 10, 3], "texture": "#1"},
				"up": {"uv": [6, 3, 9, 4], "texture": "#1"},
				"down": {"uv": [9, 0, 12, 1], "texture": "#1"}
			}
		},
		{
			"name": "bC2",
			"from": [7, 27, 7],
			"to": [8, 30, 8],
			"faces": {
				"north": {"uv": [5.25, 0, 5.5, 0.75], "texture": "#2"},
				"east": {"uv": [9, 0, 10, 3], "texture": "#1"},
				"south": {"uv": [5.25, 0, 5.5, 0.75], "texture": "#2"},
				"west": {"uv": [9, 0, 10, 3], "texture": "#1"},
				"up": {"uv": [6, 3, 7, 4], "texture": "#1"},
				"down": {"uv": [9, 0, 10, 1], "texture": "#1"}
			}
		},
		{
			"name": "bL1",
			"from": [10, 14, 7],
			"to": [12, 19, 8],
			"faces": {
				"north": {"uv": [4.25, 2.75, 4.75, 4], "texture": "#2"},
				"east": {"uv": [9, 0, 10, 5], "texture": "#1"},
				"south": {"uv": [6, 2.75, 6.5, 4], "texture": "#2"},
				"west": {"uv": [9, 0, 10, 5], "texture": "#1"},
				"up": {"uv": [6, 3, 8, 4], "texture": "#1"},
				"down": {"uv": [9, 0, 11, 1], "texture": "#1"}
			}
		},
		{
			"name": "bL2",
			"from": [10, 19, 7],
			"to": [11, 21, 8],
			"faces": {
				"north": {"uv": [4.5, 2.25, 4.75, 2.75], "texture": "#2"},
				"east": {"uv": [9, 0, 10, 2], "texture": "#1"},
				"south": {"uv": [6, 2.25, 6.25, 2.75], "texture": "#2"},
				"west": {"uv": [9, 0, 10, 2], "texture": "#1"},
				"up": {"uv": [6, 3, 7, 4], "texture": "#1"},
				"down": {"uv": [9, 0, 10, 1], "texture": "#1"}
			}
		},
		{
			"name": "bR1",
			"from": [3, 14, 7],
			"to": [5, 19, 8],
			"faces": {
				"north": {"uv": [6, 2.75, 6.5, 4], "texture": "#2"},
				"east": {"uv": [9, 0, 10, 5], "texture": "#1"},
				"south": {"uv": [4.25, 2.75, 4.75, 4], "texture": "#2"},
				"west": {"uv": [9, 0, 10, 5], "texture": "#1"},
				"up": {"uv": [6, 3, 8, 4], "texture": "#1"},
				"down": {"uv": [9, 0, 11, 1], "texture": "#1"}
			}
		},
		{
			"name": "bR2",
			"from": [4, 19, 7],
			"to": [5, 21, 8],
			"faces": {
				"north": {"uv": [6, 2.25, 6.25, 2.75], "texture": "#2"},
				"east": {"uv": [9, 0, 10, 2], "texture": "#1"},
				"south": {"uv": [4.5, 2.25, 4.75, 2.75], "texture": "#2"},
				"west": {"uv": [9, 0, 10, 2], "texture": "#1"},
				"up": {"uv": [6, 3, 7, 4], "texture": "#1"},
				"down": {"uv": [9, 0, 10, 1], "texture": "#1"}
			}
		},
		{
			"name": "bMain",
			"from": [-8, 6, 7],
			"to": [3, 11, 8],
			"faces": {
				"north": {"uv": [6.5, 4.75, 9.25, 6], "texture": "#2"},
				"east": {"uv": [9, 0, 10, 5], "texture": "#1"},
				"south": {"uv": [1.5, 4.75, 4.25, 6], "texture": "#2"},
				"west": {"uv": [9, 0, 10, 5], "texture": "#1"},
				"up": {"uv": [4, 0, 15, 1], "texture": "#1"},
				"down": {"uv": [4, 0, 15, 1], "texture": "#1"}
			}
		},
		{
			"name": "bC1",
			"from": [-11, 7, 7],
			"to": [-8, 10, 8],
			"faces": {
				"north": {"uv": [9.25, 5, 10, 5.75], "texture": "#2"},
				"east": {"uv": [9, 0, 10, 3], "texture": "#1"},
				"south": {"uv": [0.75, 5, 1.5, 5.75], "texture": "#2"},
				"west": {"uv": [9, 0, 10, 3], "texture": "#1"},
				"up": {"uv": [6, 3, 9, 4], "texture": "#1"},
				"down": {"uv": [9, 0, 12, 1], "texture": "#1"}
			}
		},
		{
			"name": "bC2",
			"from": [-14, 8, 7],
			"to": [-11, 9, 8],
			"faces": {
				"north": {"uv": [10, 5.25, 10.75, 5.5], "texture": "#2"},
				"east": {"uv": [9, 0, 10, 1], "texture": "#1"},
				"south": {"uv": [0, 5.25, 0.75, 5.5], "texture": "#2"},
				"west": {"uv": [9, 0, 10, 1], "texture": "#1"},
				"up": {"uv": [6, 3, 9, 4], "texture": "#1"},
				"down": {"uv": [9, 0, 12, 1], "texture": "#1"}
			}
		},
		{
			"name": "bL1",
			"from": [-3, 11, 7],
			"to": [2, 13, 8],
			"faces": {
				"north": {"uv": [6.75, 4.25, 8, 4.75], "texture": "#2"},
				"east": {"uv": [9, 0, 10, 2], "texture": "#1"},
				"south": {"uv": [2.75, 4.25, 4, 4.75], "texture": "#2"},
				"west": {"uv": [9, 0, 10, 2], "texture": "#1"},
				"up": {"uv": [6, 3, 11, 4], "texture": "#1"},
				"down": {"uv": [9, 0, 14, 1], "texture": "#1"}
			}
		},
		{
			"name": "bL2",
			"from": [-5, 11, 7],
			"to": [-3, 12, 8],
			"faces": {
				"north": {"uv": [8, 4.5, 8.5, 4.75], "texture": "#2"},
				"east": {"uv": [9, 0, 10, 1], "texture": "#1"},
				"south": {"uv": [2.25, 4.5, 2.75, 4.75], "texture": "#2"},
				"west": {"uv": [9, 0, 10, 1], "texture": "#1"},
				"up": {"uv": [6, 3, 8, 4], "texture": "#1"},
				"down": {"uv": [9, 0, 11, 1], "texture": "#1"}
			}
		},
		{
			"name": "bR1",
			"from": [-3, 4, 7],
			"to": [2, 6, 8],
			"faces": {
				"north": {"uv": [6.75, 6, 8, 6.5], "texture": "#2"},
				"east": {"uv": [9, 0, 10, 2], "texture": "#1"},
				"south": {"uv": [2.75, 6, 4, 6.5], "texture": "#2"},
				"west": {"uv": [9, 0, 10, 2], "texture": "#1"},
				"up": {"uv": [6, 3, 11, 4], "texture": "#1"},
				"down": {"uv": [9, 0, 14, 1], "texture": "#1"}
			}
		},
		{
			"name": "bR2",
			"from": [-5, 5, 7],
			"to": [-3, 6, 8],
			"faces": {
				"north": {"uv": [8, 6, 8.5, 6.25], "texture": "#2"},
				"east": {"uv": [9, 0, 10, 1], "texture": "#1"},
				"south": {"uv": [2.25, 6, 2.75, 6.25], "texture": "#2"},
				"west": {"uv": [9, 0, 10, 1], "texture": "#1"},
				"up": {"uv": [6, 3, 8, 4], "texture": "#1"},
				"down": {"uv": [9, 0, 11, 1], "texture": "#1"}
			}
		},
		{
			"name": "bMain",
			"from": [5, -7, 7],
			"to": [10, 4, 8],
			"faces": {
				"north": {"uv": [4.75, 6.5, 6, 9.25], "texture": "#2"},
				"east": {"uv": [9, 0, 10, 11], "texture": "#1"},
				"south": {"uv": [4.75, 6.5, 6, 9.25], "texture": "#2"},
				"west": {"uv": [9, 0, 10, 11], "texture": "#1"},
				"up": {"uv": [9, 0, 14, 1], "texture": "#1"},
				"down": {"uv": [9, 0, 14, 1], "texture": "#1"}
			}
		},
		{
			"name": "bC1",
			"from": [6, -10, 7],
			"to": [9, -7, 8],
			"faces": {
				"north": {"uv": [5, 9.25, 5.75, 10], "texture": "#2"},
				"east": {"uv": [9, 0, 10, 3], "texture": "#1"},
				"south": {"uv": [5, 9.25, 5.75, 10], "texture": "#2"},
				"west": {"uv": [9, 0, 10, 3], "texture": "#1"},
				"up": {"uv": [6, 3, 9, 4], "texture": "#1"},
				"down": {"uv": [9, 0, 12, 1], "texture": "#1"}
			}
		},
		{
			"name": "bC2",
			"from": [7, -13, 7],
			"to": [8, -10, 8],
			"faces": {
				"north": {"uv": [5.25, 10, 5.5, 10.75], "texture": "#2"},
				"east": {"uv": [9, 0, 10, 3], "texture": "#1"},
				"south": {"uv": [5.25, 10, 5.5, 10.75], "texture": "#2"},
				"west": {"uv": [9, 0, 10, 3], "texture": "#1"},
				"up": {"uv": [6, 3, 7, 4], "texture": "#1"},
				"down": {"uv": [9, 0, 10, 1], "texture": "#1"}
			}
		},
		{
			"name": "bL1",
			"from": [3, -2, 7],
			"to": [5, 3, 8],
			"faces": {
				"north": {"uv": [6, 6.75, 6.5, 8], "texture": "#2"},
				"east": {"uv": [9, 0, 10, 5], "texture": "#1"},
				"south": {"uv": [4.25, 6.75, 4.75, 8], "texture": "#2"},
				"west": {"uv": [9, 0, 10, 5], "texture": "#1"},
				"up": {"uv": [6, 3, 8, 4], "texture": "#1"},
				"down": {"uv": [9, 0, 11, 1], "texture": "#1"}
			}
		},
		{
			"name": "bL2",
			"from": [4, -4, 7],
			"to": [5, -2, 8],
			"faces": {
				"north": {"uv": [6, 8, 6.25, 8.5], "texture": "#2"},
				"east": {"uv": [9, 0, 10, 2], "texture": "#1"},
				"south": {"uv": [4.5, 8, 4.75, 8.5], "texture": "#2"},
				"west": {"uv": [9, 0, 10, 2], "texture": "#1"},
				"up": {"uv": [6, 3, 7, 4], "texture": "#1"},
				"down": {"uv": [9, 0, 10, 1], "texture": "#1"}
			}
		},
		{
			"name": "bR1",
			"from": [10, -2, 7],
			"to": [12, 3, 8],
			"faces": {
				"north": {"uv": [4.25, 6.75, 4.75, 8], "texture": "#2"},
				"east": {"uv": [9, 0, 10, 5], "texture": "#1"},
				"south": {"uv": [6, 6.75, 6.5, 8], "texture": "#2"},
				"west": {"uv": [9, 0, 10, 5], "texture": "#1"},
				"up": {"uv": [6, 3, 8, 4], "texture": "#1"},
				"down": {"uv": [9, 0, 11, 1], "texture": "#1"}
			}
		},
		{
			"name": "bR2",
			"from": [10, -4, 7],
			"to": [11, -2, 8],
			"faces": {
				"north": {"uv": [4.5, 8, 4.75, 8.5], "texture": "#2"},
				"east": {"uv": [9, 0, 10, 2], "texture": "#1"},
				"south": {"uv": [6, 8, 6.25, 8.5], "texture": "#2"},
				"west": {"uv": [9, 0, 10, 2], "texture": "#1"},
				"up": {"uv": [6, 3, 7, 4], "texture": "#1"},
				"down": {"uv": [9, 0, 10, 1], "texture": "#1"}
			}
		},
		{
			"name": "bMain",
			"from": [12, 6, 7],
			"to": [23, 11, 8],
			"faces": {
				"north": {"uv": [1.5, 4.75, 4.25, 6], "texture": "#2"},
				"east": {"uv": [0, 0, 1, 5], "texture": "#1"},
				"south": {"uv": [6.5, 4.75, 9.25, 6], "texture": "#2"},
				"west": {"uv": [0, 0, 1, 5], "texture": "#1"},
				"up": {"uv": [0, 0, 11, 1], "texture": "#1"},
				"down": {"uv": [0, 0, 11, 1], "texture": "#1"}
			}
		},
		{
			"name": "bC1",
			"from": [23, 7, 7],
			"to": [26, 10, 8],
			"faces": {
				"north": {"uv": [0.75, 5, 1.5, 5.75], "texture": "#2"},
				"east": {"uv": [9, 0, 10, 3], "texture": "#1"},
				"south": {"uv": [9.25, 5, 10, 5.75], "texture": "#2"},
				"west": {"uv": [9, 0, 10, 3], "texture": "#1"},
				"up": {"uv": [6, 3, 9, 4], "texture": "#1"},
				"down": {"uv": [9, 0, 12, 1], "texture": "#1"}
			}
		},
		{
			"name": "bC2",
			"from": [26, 8, 7],
			"to": [29, 9, 8],
			"faces": {
				"north": {"uv": [0, 5.25, 0.75, 5.5], "texture": "#2"},
				"east": {"uv": [9, 0, 10, 1], "texture": "#1"},
				"south": {"uv": [10, 5.25, 10.75, 5.5], "texture": "#2"},
				"west": {"uv": [9, 0, 10, 1], "texture": "#1"},
				"up": {"uv": [6, 3, 9, 4], "texture": "#1"},
				"down": {"uv": [9, 0, 12, 1], "texture": "#1"}
			}
		},
		{
			"name": "bL1",
			"from": [13, 4, 7],
			"to": [18, 6, 8],
			"faces": {
				"north": {"uv": [2.75, 6, 4, 6.5], "texture": "#2"},
				"east": {"uv": [9, 0, 10, 2], "texture": "#1"},
				"south": {"uv": [6.75, 6, 8, 6.5], "texture": "#2"},
				"west": {"uv": [9, 0, 10, 2], "texture": "#1"},
				"up": {"uv": [6, 3, 11, 4], "texture": "#1"},
				"down": {"uv": [9, 0, 14, 1], "texture": "#1"}
			}
		},
		{
			"name": "bL2",
			"from": [18, 5, 7],
			"to": [20, 6, 8],
			"faces": {
				"north": {"uv": [2.25, 6, 2.75, 6.25], "texture": "#2"},
				"east": {"uv": [9, 0, 10, 1], "texture": "#1"},
				"south": {"uv": [8, 6, 8.5, 6.25], "texture": "#2"},
				"west": {"uv": [9, 0, 10, 1], "texture": "#1"},
				"up": {"uv": [6, 3, 8, 4], "texture": "#1"},
				"down": {"uv": [9, 0, 11, 1], "texture": "#1"}
			}
		},
		{
			"name": "bR1",
			"from": [13, 11, 7],
			"to": [18, 13, 8],
			"faces": {
				"north": {"uv": [2.75, 4.25, 4, 4.75], "texture": "#2"},
				"east": {"uv": [9, 0, 10, 2], "texture": "#1"},
				"south": {"uv": [6.75, 4.25, 8, 4.75], "texture": "#2"},
				"west": {"uv": [9, 0, 10, 2], "texture": "#1"},
				"up": {"uv": [6, 3, 11, 4], "texture": "#1"},
				"down": {"uv": [9, 0, 14, 1], "texture": "#1"}
			}
		},
		{
			"name": "bR2",
			"from": [18, 11, 7],
			"to": [20, 12, 8],
			"faces": {
				"north": {"uv": [2.25, 4.5, 2.75, 4.75], "texture": "#2"},
				"east": {"uv": [9, 0, 10, 1], "texture": "#1"},
				"south": {"uv": [8, 4.5, 8.5, 4.75], "texture": "#2"},
				"west": {"uv": [9, 0, 10, 1], "texture": "#1"},
				"up": {"uv": [6, 3, 8, 4], "texture": "#1"},
				"down": {"uv": [9, 0, 11, 1], "texture": "#1"}
			}
		}
	],
	"display": {
		"thirdperson_righthand": {
			"rotation": [0, 90, 0],
			"translation": [0, 7.75, 0],
			"scale": [0.5, 0.5, 0.5]
		},
		"thirdperson_lefthand": {
			"rotation": [0, 90, 0],
			"translation": [0, 7.75, 0],
			"scale": [0.5, 0.5, 0.5]
		},
		"firstperson_righthand": {
			"rotation": [-15, -90, 0],
			"scale": [0.5, 0.5, 0.5]
		},
		"firstperson_lefthand": {
			"rotation": [-15, -90, 0],
			"scale": [0.5, 0.5, 0.5]
		},
		"ground": {
			"rotation": [-90, 0, 0],
			"scale": [0.64, 0.64, 0.64]
		},
		"gui": {
			"rotation": [0, 0, 39],
			"scale": [0.4, 0.4, 0.4]
		},
		"head": {
			"rotation": [-5, 0, 31],
			"translation": [0.5, -9, 12.5],
			"scale": [1.25, 1.25, 1.25]
		},
		"fixed": {
			"rotation": [0, 0, 23],
			"translation": [0, 0, -1.75],
			"scale": [0.5, 0.5, 0.5]
		}
	},
	"groups": [
		{
			"name": "shuri",
			"origin": [0, 0, 0],
			"color": 0,
			"children": [
				{
					"name": "center",
					"origin": [0, 0, 0],
					"color": 0,
					"children": [0, 1, 2, 3, 4]
				},
				{
					"name": "blade",
					"origin": [0, 0, 0],
					"color": 0,
					"children": [
						{
							"name": "b1",
							"origin": [0, 0, 0],
							"color": 0,
							"children": [5, 6, 7, 8, 9, 10, 11]
						},
						{
							"name": "b2",
							"origin": [0, 0, 0],
							"color": 0,
							"children": [12, 13, 14, 15, 16, 17, 18]
						},
						{
							"name": "b3",
							"origin": [0, 0, 0],
							"color": 0,
							"children": [19, 20, 21, 22, 23, 24, 25]
						},
						{
							"name": "b4",
							"origin": [0, 0, 0],
							"color": 0,
							"children": [26, 27, 28, 29, 30, 31, 32]
						}
					]
				}
			]
		}
	]
}